ID,Type,SKU,"GTIN, UPC, EAN, or ISBN",Name,Published,Is featured?,Visibility in catalog,Short description,Description,Date sale price starts,Date sale price ends,Tax status,Tax class,In stock?,Stock,Low stock amount,Backorders allowed?,Sold individually?,Weight (kg),Length (cm),Width (cm),Height (cm),Allow customer reviews?,Purchase note,Sale price,Regular price,Categories,Tags,Shipping class,Images,Download limit,Download expiry days,Parent,Grouped products,Upsells,Cross-sells,External URL,Button text,Position,Brands,Attribute 1 name,Attribute 1 value(s),Attribute 1 visible,Attribute 1 global,Attribute 2 name,Attribute 2 value(s),Attribute 2 visible,Attribute 2 global,Meta: _wpcom_is_markdown
85,simple,mango-juice,,Mango Juice,1,0,visible,"Tropical and naturally sweet, perfect for refreshing moments.","Bright, tropical, and naturally sweet — our Mango Juice is crafted from ripe, sun-kissed mangoes for a refreshingly smooth experience. Enjoy it chilled for a burst of sunshine in every glass.",,,taxable,,1,,,0,0,,,,,1,,4.49,5.99,Beverages > Juice,"bottled, cold drink, fruit juice, mango, no pulp, tropical",,https://cdn.madrasthemes.com/groceria/images/products/mango-juice.webp,,,,,,,,,0,,Size,"500ml, 1L, 2L",0,0,Nutriscore,C,0,0,
86,simple,yirgacheffe-organic,,Yirgacheffe Organic,1,0,visible,Bright Ethiopian coffee with floral notes and citrus hints.,"Grown in the highlands of Ethiopia, our Yirgacheffe Organic coffee delivers floral notes and a hint of citrus in every sip. Ethically sourced and organically grown, it’s a favorite among true coffee lovers.",,,taxable,,1,,,0,0,,,,,1,,14.95,18,Beverages > Coffee,"arabica, coffee, ethiopian, fair trade, organic, yirgacheffe",,https://cdn.madrasthemes.com/groceria/images/products/yirgacheffe-organic.webp,,,,,,,,,0,,Size,"250g, 500g, 1kg",0,0,Nutriscore,A,0,0,
87,simple,pumpernickel-bread,,Pumpernickel Bread,1,0,visible,"Dense, hearty rye bread with deep, rich flavor.","Dense, hearty, and rich with earthy flavor, our Pumpernickel Bread is a classic European-style loaf made with whole rye flour. Perfect for sandwiches, toasting, or a savory cheese board.",,,taxable,,1,,,0,0,,,,,1,,4.99,6.5,Bakery > Bread,"artisan, bread, hearty, pumpernickel, rye, sliced",,https://cdn.madrasthemes.com/groceria/images/products/pumpernickel-bread.webp,,,,,,,,,0,,Size,"400g, 600g, 1 loaf",0,0,Nutriscore,A,0,0,
88,simple,porcini-mushrooms,,Porcini Mushrooms,1,0,visible,"Earthy, aromatic mushrooms ideal for gourmet cooking.","Hand-harvested and deeply aromatic, Porcini Mushrooms bring rich umami flavor to soups, risottos, and gourmet sauces. A must-have for serious home cooks and foodies alike.",,,taxable,,1,,,0,0,,,,,1,,17.49,21.95,Produce > Mushrooms,"dried, earthy flavor, gourmet, mushrooms, porcini, umami",,https://cdn.madrasthemes.com/groceria/images/products/porcini-mushrooms.webp,,,,,,,,,0,,Size,"50g, 100g, 200g (dried)",0,0,Nutriscore,A,0,0,
89,simple,original-waffles,,Original Waffles,1,0,visible,"Crispy and fluffy, made for easy, delicious breakfasts.","Crispy on the outside, fluffy on the inside — our Original Waffles are ready to toast and serve in minutes. Made with simple ingredients for that homemade taste your mornings deserve.",,,taxable,,1,,,0,0,,,,,1,,5.75,7.25,Bakery > Breakfast Foods,"breakfast, crispy, frozen, golden, toaster-ready, waffles",,https://cdn.madrasthemes.com/groceria/images/products/original-waffles.webp,,,,,,,,,0,,Size,"4 pcs, 6 pcs, 12 pcs",0,0,Nutriscore,C,0,0,
90,simple,garden-fresh-spring-shoots,,Garden-Fresh Spring Shoots,1,0,visible,"Tender spring onions for a fresh, mild crunch.","Crisp, mild, and bursting with freshness, these spring onions are handpicked at their peak for maximum flavor and crunch. Perfect for garnishing soups, tossing in salads, or adding a fresh twist to your stir-fry.",,,taxable,,1,,,0,0,,,,,1,,2.5,3.5,Produce > Vegetables,"fresh vegetables, garnish, salad, scallions, spring onions",,https://cdn.madrasthemes.com/groceria/images/products/garden-fresh-spring-shoots.webp,,,,,,,,,0,,Size,"100g, 200g, 300g",0,0,Nutriscore,A,0,0,
91,simple,golden-sunset-mango,,Golden Sunset Mango,1,0,visible,"Juicy, sun-ripened mangoes with tropical sweetness.","Sink your teeth into the sweet, tropical richness of Golden Sunset Mangoes. Grown in sun-drenched orchards, these vibrant fruits are juicy, fragrant, and perfect for smoothies, snacks, or desserts.",,,taxable,,1,,,0,0,,,,,1,,3.75,4.99,Produce > Fruits,"fresh produce, juicy, mango, ripe, tropical fruit",,https://cdn.madrasthemes.com/groceria/images/products/golden-sunset-mango.webp,,,,,,,,,0,,Size,"1 pc, 2 pcs, 4 pcs",0,0,Nutriscore,A,0,0,
92,simple,black-angus-brioche-burger,,Black Angus Brioche Burger,1,0,visible,Premium Angus beef patty on a soft brioche bun.,"Indulge in gourmet flavor with our Black Angus Brioche Burger — a thick, juicy patty of premium Angus beef nestled in a soft, buttery brioche bun. Ideal for backyard barbecues or an elevated weeknight meal.",,,taxable,,1,,,0,0,,,,,1,,10.25,12.95,Meat & Seafood > Beef,"angus beef, brioche, burger, gourmet, grilling, juicy",,https://cdn.madrasthemes.com/groceria/images/products/black-angus-brioche-burger.webp,,,,,,,,,0,,Size,"1 patty, 2 pcs, 4 pcs (with bun)",0,0,Nutriscore,C,0,0,
93,simple,crimson-jewel-berries,,Crimson Jewel Berries,1,0,visible,"Lush red strawberries bursting with sweet, juicy flavor.","These strawberries aren’t just sweet — they’re radiant. Crimson Jewel Berries are hand-selected for their deep red color, lush aroma, and irresistibly juicy bite. Enjoy them fresh, dipped in chocolate, or on top of your favorite dessert.",,,taxable,,1,,,0,0,,,,,1,,5.25,6.75,Produce > Fruits,"antioxidant, dessert, fresh, red berries, strawberries, sweet",,https://cdn.madrasthemes.com/groceria/images/products/crimson-jewel-berries.webp,,,,,,,,,0,,Size,"150g, 250g, 500g",0,0,Nutriscore,A,0,0,
94,simple,velvet-ruby-plums,,Velvet Ruby Plums,1,0,visible,Sweet-tart plums with velvety skin and juicy flesh.,"Rich in color and bursting with flavor, Velvet Ruby Plums offer a perfect balance of sweet and tart. Their velvety skin and juicy flesh make them a luxurious addition to fruit bowls, tarts, or cheese boards.",,,taxable,,1,,,0,0,,,,,1,,3.95,5.25,Produce > Fruits,"juicy, plums, ruby red, stone fruit, sweet-tart",,https://cdn.madrasthemes.com/groceria/images/products/velvet-ruby-plums.webp,,,,,,,,,0,,Size,"2 pcs, 4 pcs, 6 pcs",0,0,Nutriscore,A,0,0,
95,simple,gluten-free-forbidden-rice-batard-frozen,,"Gluten-Free Forbidden Rice Batard, Frozen",1,0,visible,"Nutty, chewy black rice loaf — gluten-free and bake-ready.","Crafted with black forbidden rice and a gluten-free blend, this batard-style loaf delivers a rich, nutty flavor and chewy interior. Frozen for freshness and ready to bake — a wholesome alternative for bread lovers.",,,taxable,,1,,,0,0,,,,,1,,7.25,9.5,Bakery > Frozen Breads,"artisan, black rice, frozen, gluten-free, rice bread",,https://cdn.madrasthemes.com/groceria/images/products/gluten-free-forbidden-rice-batard-frozen.webp,,,,,,,,,0,,Size,"300g, 500g, 1 loaf",0,0,Nutriscore,B,0,0,
96,simple,chicken-air-chilled-raised-w-o-antibiotics,,"Chicken, Air-Chilled, Raised w/o Antibiotics",1,0,visible,"Juicy, clean-label chicken processed without added water.","Tender, juicy chicken raised without antibiotics and processed using an air-chilling method that locks in flavor without added water. Perfect for healthy home cooking with confidence.",,,taxable,,1,,,0,0,,,,,1,,12.5,14.95,Meat & Seafood > Poultry,"air-chilled, antibiotic-free, chicken, fresh meat, poultry",,https://cdn.madrasthemes.com/groceria/images/products/chicken-air-chilled-raised-w-o-antibiotics.webp,,,,,,,,,0,,Size,"500g, 1kg, 1.5kg",0,0,Nutriscore,A,0,0,
97,simple,doubles-plus-paper-towels,,Doubles Plus Paper Towels,1,0,visible,Ultra-absorbent towels for heavy-duty household cleaning.,"Super absorbent and extra durable, Doubles Plus Paper Towels handle the messiest spills with ease. Each roll lasts longer, making cleanup quick and efficient — and kinder to the planet.",,,taxable,,1,,,0,0,,,,,1,,6.99,8.99,Household Essentials > Paper Products,"absorbent, cleanup, eco-friendly, household, paper towels",,https://cdn.madrasthemes.com/groceria/images/products/doubles-plus-paper-towels.webp,,,,,,,,,0,,Size,"2 rolls, 4 rolls, 6 rolls",0,0,,,,,
98,simple,popcorn-original,,"Popcorn, Original",1,0,visible,"Light, crunchy, and classic — your everyday snack.","Light, airy, and perfectly crunchy — this Original Popcorn is a timeless snack made with simple ingredients. Great for movie nights, lunchboxes, or guilt-free munching anytime.",,,taxable,,1,,,0,0,,,,,1,,2.95,3.75,Snacks > Popcorn,"classic, crunchy, movie night, popcorn, salted, snack",,https://cdn.madrasthemes.com/groceria/images/products/popcorn-original.webp,,,,,,,,,0,,Size,"50g, 100g, 200g",0,0,Nutriscore,B,0,0,
99,external,grade-a-dark-amber-maple-syrup,,Grade A Dark Amber Maple Syrup,1,0,visible,"Rich, full-bodied maple syrup with a deep amber color and bold flavor.Harvested from pure maple trees and crafted without additives.Perfect for pancakes, waffles, baking, and sweetening beverages.100% natural, Grade A quality, and packed with authentic taste.","Rich, full-bodied maple syrup with a deep amber color and bold flavor.Harvested from pure maple trees and crafted without additives.Perfect for pancakes, waffles, baking, and sweetening beverages.100% natural, Grade A quality, and packed with authentic taste.A versatile sweetener that enhances both sweet and savory dishes.Sustainably sourced to bring you the purest maple experience.Enjoy a timeless classic that brings warmth and richness to every meal.",,,taxable,,1,,,0,0,,,,,1,,,19.95,Grocery > Sweeteners,"amber, baking, maple syrup, natural sweetener, pancakes",,https://cdn.madrasthemes.com/groceria/images/products/grade-a-dark-amber-maple-syrup.webp,,,,,,,#,Buy Product,0,,Size,"250ml, 500ml, 1L",0,0,Nutriscore,D,0,0,
100,simple,mini-pretzels-family-size,,"Mini Pretzels, Family Size",1,0,visible,Crispy snack-time favorite in a generous sharing pack.,"Crispy, salty, and perfectly bite-sized — our Mini Pretzels come in a generous family-size bag for sharing (or not). A snack-time staple that everyone loves.",,,taxable,,1,,,0,0,,,,,1,,4.5,6.25,Snacks > Crackers & Pretzels,"crunchy, family pack, party snack, pretzels, salty snack",,https://cdn.madrasthemes.com/groceria/images/products/mini-pretzels-family-size.webp,,,,,,,,,0,,Size,"250g, 400g, 750g",0,0,Nutriscore,C,0,0,
101,simple,creamy-peanut-butter,,Creamy Peanut Butter,1,0,visible,"Smooth, rich, and irresistibly creamy peanut butter made from high-quality roasted peanuts.A natural source of protein and energy, perfect for spreading, dipping, or blending into smoothies. Gluten-free, non-GMO, and free from artificial additives.The classic pantry staple for both kids and adults to enjoy every day.","Smooth, rich, and irresistibly creamy peanut butter made from high-quality roasted peanuts.A natural source of protein and energy, perfect for spreading, dipping, or blending into smoothies. Gluten-free, non-GMO, and free from artificial additives.The classic pantry staple for both kids and adults to enjoy every day.",,,taxable,,0,,,0,0,,,,,1,,3.49,4.95,Grocery > Nut Butters,"creamy, pantry, peanut butter, protein-rich, spread",,https://cdn.madrasthemes.com/groceria/images/products/creamy-peanut-butter.webp,,,,,,,,,0,,Size,"250g, 500g, 1kg",0,0,Nutriscore,C,0,0,
102,simple,baby-bananas-bunch,,"Baby Bananas, Bunch",1,0,visible,"Naturally sweet, mini-sized bananas perfect for snacking.","Small in size, big in sweetness — Baby Bananas are naturally creamy and packed with flavor. Ideal for kids' lunches, blending into smoothies, or enjoying on the go.",,,taxable,,1,,,0,0,,,,,1,,2.25,2.99,Produce > Fruits,"baby bananas, bananas, kid-friendly, sweet, tropical fruit",,https://cdn.madrasthemes.com/groceria/images/products/baby-bananas-bunch.webp,,,,,,,,,0,,Size,"250g, 500g, 1kg",0,0,Nutriscore,A,0,0,
103,simple,cal-organic-jumbo-carrots,,Cal-Organic Jumbo Carrots,1,0,visible,"Large, crisp carrots great for juicing or roasting.","Bold in size and rich in earthy sweetness, these Cal-Organic Jumbo Carrots are perfect for roasting, juicing, or chopping into hearty stews. Grown with care and harvested at peak flavor.",,,taxable,,1,,,0,0,,,,,1,,2.99,3.95,Produce > Vegetables,"carrots, fresh produce, jumbo, organic, roasting",,https://cdn.madrasthemes.com/groceria/images/products/cal-organic-jumbo-carrots.webp,,,,,,,,,0,,Size,"2 pcs, 4 pcs, 6 pcs",0,0,Nutriscore,A,0,0,
104,grouped,cara-cara-orange,,Cara Cara Orange,1,0,visible,"Sweet, seedless, and naturally pink-fleshed oranges with a hint of berry-like flavor.Packed with vitamin C, antioxidants, and refreshing juiciness in every bite.Perfect for snacking, juicing, or brightening up your favorite recipes.Non-GMO and hand-picked for the freshest taste.","A citrus lover’s dream, Cara Cara Oranges are low in acid and beautifully pink inside. Sweet, tangy, and full of vitamin C — they make snacking feel like sunshine.Sweet, seedless, and naturally pink-fleshed oranges with a hint of berry-like flavor.Packed with vitamin C, antioxidants, and refreshing juiciness in every bite.Perfect for snacking, juicing, or brightening up your favorite recipes.Non-GMO and hand-picked for the freshest taste.",,,taxable,,1,,,0,0,,,,,1,,,,Produce > Fruits,"cara cara, citrus, oranges, pink flesh, sweet, vitamin C",,https://cdn.madrasthemes.com/groceria/images/products/cara-cara-orange.webp,,,,"golden-sunset-mango, wine-grapes, dessert-apple",,,,,0,,Size,"2 pcs, 4 pcs, 6 pcs",0,0,Nutriscore,A,0,0,
105,simple,wine-grapes,,Wine grapes,1,0,visible,"Sweet, juicy grapes often used for snacking or winemaking.","With their delicate skin and honeyed, floral flavor, wine grapes are a gourmet snack. Enjoy them fresh or paired with cheese and nuts.",,,taxable,,1,,,0,0,,,,,1,,5.95,7.5,Produce > Fruits,"grapes, juicy, seedless, snacking, wine grapes",,https://cdn.madrasthemes.com/groceria/images/products/wine-grapes.webp,,,,,,,,,0,,Size,"250g, 500g, 1kg",0,0,Nutriscore,A,0,0,
106,simple,dessert-apple,,Dessert Apple,1,0,visible,"Sweet, juicy apples ideal for desserts or a healthy treat.","Crisp, sweet, and beautifully blushed, dessert apples are nature’s candy. A delightful snack on their own or sliced into pies and tarts.",,,taxable,,1,,,0,0,,,,,1,,2.99,3.99,Produce > Fruits,"apple, crisp, dessert, fruit, sweet apple",,https://cdn.madrasthemes.com/groceria/images/products/dessert-apple.webp,,,,,,,,,0,,Size,"1 pc, 2 pcs, 6 pcs",0,0,Nutriscore,A,0,0,
107,simple,muscat-grapes,,Muscat Grapes,1,0,visible,"Fragrant, juicy grapes with a honey-like floral taste.","Muscat Grapes offer a unique floral aroma and honeyed flavor that sets them apart. Juicy and fragrant, they’re a gourmet grape variety you’ll want to savor fresh.",,,taxable,,1,,,0,0,,,,,1,,5.95,7.5,Produce > Fruits,"floral, fresh fruit, grapes, juicy, muscat, sweet",,https://cdn.madrasthemes.com/groceria/images/products/muscat-grapes.webp,,,,,,,,,0,,Size,"250g, 500g, 1kg",0,0,Nutriscore,A,0,0,
108,simple,cantaloupe,,Cantaloupe,1,0,visible,"Juicy, sweet melon perfect for snacking or fruit salads.","Bursting with juicy sweetness and floral aroma, cantaloupes are a summer delight. Their tender orange flesh is perfect for fresh fruit bowls, smoothies, or simply chilled and sliced.",,,taxable,,1,,,0,0,,,,,1,,3.75,4.99,Produce > Fruits,"cantaloupe, fruit salad, juicy, melon, sweet",,https://cdn.madrasthemes.com/groceria/images/products/cantaloupe.webp,,,,,,,,,0,,Size,"Half, 1 pc, 2 pcs",0,0,Nutriscore,A,0,0,
109,simple,garlic,,Garlic,1,0,visible,"Fresh, aromatic bulbs to enhance every savory dish.","Pungent, earthy, and powerful — garlic is the backbone of bold cooking. Whether roasted for mellow sweetness or minced raw for a sharp punch, it brings life to every savory dish.",,,taxable,,1,,,0,0,,,,,1,,1.75,2.25,Produce > Vegetables,"aromatic, fresh produce, garlic, pungent, seasoning",,https://cdn.madrasthemes.com/groceria/images/products/garlic.webp,,,,,,,,,0,,Size,"2 bulbs, 5 bulbs, 10 bulbs",0,0,Nutriscore,A,0,0,
110,simple,jumbo-yellow-onion,,Jumbo Yellow Onion,1,0,visible,"Bold and flavorful — ideal for soups, stir-fries, and grilling.","These oversized onions are prized for their sweet depth and mellow flavor. Perfect for caramelizing, roasting, or adding body to soups and stews. A kitchen essential.",,,taxable,,1,,,0,0,,,,,1,,2.25,2.95,Produce > Vegetables,"aromatic, cooking, jumbo, onion, yellow onion",,https://cdn.madrasthemes.com/groceria/images/products/jumbo-yellow-onion.webp,,,,,,,,,0,,Size,"1 pc, 2 pcs, 4 pcs",0,0,Nutriscore,A,0,0,
111,simple,organic-cauliflower,,Organic Cauliflower,1,0,visible,"Crisp, organic florets great for roasting or mashing.","Clean, nutty, and naturally versatile, organic cauliflower transforms into everything from a golden roast to a low-carb mash. Its tightly packed florets are as nutritious as they are delicious.",,,taxable,,1,,,0,0,,,,,1,,4.25,5.5,Produce > Vegetables,"cauliflower, cruciferous, fresh vegetables, organic",,https://cdn.madrasthemes.com/groceria/images/products/organic-cauliflower.webp,,,,,,,,,0,,Size,"1 pc, 2 pcs, florets 300g",0,0,Nutriscore,A,0,0,
112,simple,organic-scallions,,Organic Scallions,1,0,visible,Mild and zesty green onions for garnishes or cooking.,"Delicately zesty and crisp, these organic scallions brighten salads, soups, and stir-fries. Both the green tops and white bulbs offer a light oniony bite.",,,taxable,,1,,,0,0,,,,,1,,1.99,2.75,Produce > Vegetables,"garnish, green onions, organic, scallions, stir-fry",,https://cdn.madrasthemes.com/groceria/images/products/organic-scallions.webp,,,,,,,,,0,,Size,"100g, 200g, bunch",0,0,Nutriscore,A,0,0,
113,simple,organic-artichoke,,Organic Artichoke,1,0,visible,"Tender and earthy, perfect for steaming or dips.","With tender leaves and a buttery heart, organic artichokes are a true delicacy. Steam them whole or bake into dips — their rich, earthy flavor is unmistakably gourmet.",,,taxable,,1,,,0,0,,,,,1,,3.85,4.95,Produce > Vegetables,"artichoke, fiber-rich, fresh produce, organic, seasonal",,https://cdn.madrasthemes.com/groceria/images/products/organic-artichoke.webp,,,,,,,,,0,,Size,"1 pc, 2 pcs, 4 pcs",0,0,Nutriscore,A,0,0,
114,variable,organic-no-caffeine-coffee-alternative,,Organic No Caffeine Coffee Alternative,1,0,visible,"Experience the rich and full-bodied flavor of our Organic No Caffeine Coffee Alternative. Made from only the finest organic ingredients, this caffeine-free alternative offers all the benefits of coffee without the jitters and crashes. Savor every sip, guilt-free.","A cozy, caffeine-free brew crafted from roasted herbs and grains. Rich, earthy, and smooth — it mimics coffee’s depth without the jitters. Ideal for mindful sipping. Experience the rich and full-bodied flavor of our Organic No Caffeine Coffee Alternative. Made from only the finest organic ingredients, this caffeine-free alternative offers all the benefits of coffee without the jitters and crashes. Savor every sip, guilt-free.",,,taxable,,1,,,0,0,,,,,1,,,,Beverages > Coffee Alternatives,"caffeine-free, coffee substitute, herbal blend, organic",,https://cdn.madrasthemes.com/groceria/images/products/organic-no-caffeine-coffee-alternative.webp,,,,,,,,,0,,Size,"150g, 300g, 500g",1,1,Nutriscore,A,1,1,
115,simple,oven-ready-butter-croissants,,Oven-Ready Butter Croissants,1,0,visible,"Flaky, buttery croissants ready to bake fresh at home.","Layered with creamy butter and frozen for your convenience, these croissants bake into golden, flaky perfection. A bakery-quality treat fresh from your oven.",,,taxable,,1,,,0,0,,,,,1,,7.75,9.95,Bakery > Frozen Pastries,"breakfast, buttery, croissants, frozen, ready-to-bake",,https://cdn.madrasthemes.com/groceria/images/products/oven-ready-butter-croissants.webp,,,,,,,,,0,,Size,"2 pcs, 4 pcs, 6 pcs",0,0,Nutriscore,D,0,0,
116,simple,celebration-cupcakes,,Celebration Cupcakes,1,0,visible,"Colorful, frosted treats that make every day a party.","Whimsical and sweet, these frosted cupcakes are topped with colorful sprinkles and party-ready cheer. Perfect for birthdays or any little celebration.",,,taxable,,1,,,0,0,,,,,1,,9.5,12,Bakery > Cakes & Cupcakes,"celebration, cupcakes, dessert, frosted, party treats",,https://cdn.madrasthemes.com/groceria/images/products/celebration-cupcakes.webp,,,,,,,,,0,,Size,"4 pcs, 6 pcs, 12 pcs",0,0,Nutriscore,E,0,0,
147,simple,oatmeal-raisin-cookies,,Oatmeal Raisin Cookies,1,0,visible,"Soft, chewy, and packed with hearty oats and sweet raisins.","Soft, chewy, and warmly spiced, these cookies blend hearty oats and plump raisins. A comforting, classic treat with home-baked charm.",,,taxable,,1,,,0,0,,,,,1,,5.95,7.5,Bakery > Cookies,"chewy, classic snack, cookies, oatmeal, raisin",,https://cdn.madrasthemes.com/groceria/images/products/oatmeal-raisin-cookies.webp,,,,,,,,,0,,Size,"6 pcs, 12 pcs, 24 pcs",0,0,Nutriscore,D,0,0,
148,simple,seven-layer-cake,,Seven Layer Cake,1,0,visible,"A decadent dessert stacked with rich, indulgent layers.","A showstopping dessert stacked high with rich layers of cake, cream, and chocolate. Every slice is a blend of textures and indulgence.",,,taxable,,1,,,0,0,,,,,1,,13.75,16.95,Bakery > Cakes & Cupcakes,"bakery, cake, chocolate, dessert, layered",,https://cdn.madrasthemes.com/groceria/images/products/seven-layer-cake.webp,,,,,,,,,0,,Size,"250g slice, 500g, 1kg",0,0,Nutriscore,E,0,0,
149,simple,local-bunched-spinach,,Local Bunched Spinach,1,0,visible,"Fresh-picked leafy greens, rich in flavor and nutrients.","Hand-harvested from nearby farms, this spinach is tender, vibrant, and nutrient-dense. Ideal for fresh salads or quick sautés.",,,taxable,,1,,,0,0,,,,,1,,2.5,3.5,Produce > Leafy Greens,"fresh, iron-rich, leafy greens, local produce, spinach",,https://cdn.madrasthemes.com/groceria/images/products/local-bunched-spinach.webp,,,,,,,,,0,,Size,"100g, 250g, bunch",0,0,Nutriscore,A,0,0,
150,simple,organic-valley-half-and-half,,Organic Valley Half & Half,1,0,visible,Creamy and smooth — perfect for coffee or cooking.,"A creamy, luxurious blend of organic milk and cream. Whether enriching coffee or elevating recipes, it brings farm-fresh richness to your kitchen.",,,taxable,,1,,,0,0,,,,,1,,3.75,4.95,Dairy > Cream,"creamer, dairy, half & half, milk blend, organic",,https://cdn.madrasthemes.com/groceria/images/products/organic-valley-half-and-half.webp,,,,,,,,,0,,Size,"250ml, 500ml, 1L",0,0,Nutriscore,C,0,0,
151,simple,boneless-skinless-chicken-breast,,Boneless Skinless Chicken Breast,1,0,visible,"Lean, tender chicken — ideal for grilling, baking, or pan-frying.","Lean, tender, and ready to cook — these chicken breasts are a healthy protein choice for grilling, stir-frying, or oven-roasting.",,,taxable,,1,,,0,0,,,,,1,,9.25,11.5,Meat & Seafood > Poultry,"boneless, chicken breast, fresh meat, lean protein",,https://cdn.madrasthemes.com/groceria/images/products/boneless-skinless-chicken-breast.webp,,,,,,,,,0,,Size,"500g, 1kg, 1.5kg",0,0,Nutriscore,A,0,0,
152,simple,simply-low-fat-cottage-cheese,,Simply Low-Fat Cottage Cheese,1,0,visible,"Light, creamy, and packed with protein.","Creamy, satisfying, and full of protein — this low-fat cottage cheese offers a smooth texture with a hint of tang. Great as a snack or topping.",,,taxable,,1,,,0,0,,,,,1,,3.99,5.25,Dairy > Cheese & Yogurt,"cottage cheese, creamy, dairy, low fat, snack",,https://cdn.madrasthemes.com/groceria/images/products/simply-low-fat-cottage-cheese.webp,,,,,,,,,0,,Size,"200g, 400g, 800g",0,0,Nutriscore,B,0,0,
153,simple,unsweetened-plastic-bottle,,"Unsweetened, Plastic Bottle",1,0,visible,"Pure and clean refreshment — no sugar, no fuss.","Clean hydration in a convenient bottle — this unsweetened drink is free from sugars and additives, offering pure refreshment on the go. (Assumed to be water or tea.)",,,taxable,,1,,,0,0,,,,,1,,2.95,3.95,Beverages,"beverage, bottled, natural, no sugar, unsweetened drink",,https://cdn.madrasthemes.com/groceria/images/products/unsweetened-plastic-bottle.webp,,,,,,,,,0,,Size,"500ml, 1L, 2L",0,0,Nutriscore,A,0,0,
154,simple,raos-homemade-marinara-sauce,,Rao'sHomemade Marinara Sauce,1,0,visible,"Slow-simmered, classic Italian flavor in every spoonful.","Crafted from slow-simmered tomatoes, olive oil, garlic, and herbs, Rao’s brings old-world Italian flavor straight to your table. No shortcuts, just tradition.",,,taxable,,1,,,0,0,,,,,1,,7.25,9.5,Grocery > Pasta & Sauces,"italian, jarred, marinara, pasta sauce, tomato",,https://cdn.madrasthemes.com/groceria/images/products/raos-homemade-marinara-sauce.webp,,,,,,,,,0,,Size,"350g, 500g, 1kg",0,0,Nutriscore,B,0,0,
155,simple,organic-whole-milk,,Organic Whole Milk,1,0,visible,"Rich, creamy, and wholesome — straight from organic farms.","Full-bodied and velvety, this organic whole milk delivers farm-fresh creaminess with every pour. Ideal for cereals, baking, or enjoying by the glass.",,,taxable,,1,,,0,0,,,,,1,,4.25,5.25,Dairy > Milk,"calcium-rich, dairy, milk, organic, whole milk",,https://cdn.madrasthemes.com/groceria/images/products/organic-whole-milk.webp,,,,,,,,,0,,Size,"500ml, 1L, 2L",0,0,Nutriscore,B,0,0,
156,simple,armenian-cucumber,,Armenian Cucumber,1,0,visible,Crisp and mild with a refreshing crunch — perfect for salads and snacking.,"Long, ridged, and refreshingly mild, Armenian cucumbers are delightfully crisp with a hint of melon-like sweetness. Perfect raw or pickled.",,,taxable,,1,,,0,0,,,,,1,,2.25,2.95,Produce > Vegetables,"armenian, crunchy, cucumber, fresh produce, salad",,https://cdn.madrasthemes.com/groceria/images/products/armenian-cucumber.webp,,,,,,,,,0,,Size,"1 pc, 2 pcs, 4 pcs",0,0,Nutriscore,A,0,0,
157,simple,fage-creamy-dreamy-banana-cream,,"Fage Creamy Dreamy, Banana Cream",1,0,visible,Thick Greek yogurt with rich banana cream indulgence.,Ultra-thick Greek yogurt layered with luscious banana cream. A dreamy treat that balances rich indulgence with wholesome satisfaction.,,,taxable,,1,,,0,0,,,,,1,,5,6.5,Dairy > Yogurt,"banana flavor, creamy, dairy snack, dessert-style, yogurt",,https://cdn.madrasthemes.com/groceria/images/products/fage-creamy-dreamy-banana-cream.webp,,,,,,,,,0,,Size,"150g, 200g, 400g",0,0,Nutriscore,B,0,0,
158,simple,green-cauliflower,,Green Cauliflower,1,0,visible,"A colorful twist on a classic veggie — mild, crisp, and great for roasting.","A vibrant, naturally colorful twist on traditional cauliflower. Its sweet, mild flavor makes it perfect for roasting or vibrant veggie platters.",,,taxable,,1,,,0,0,,,,,1,,4.75,6.25,Produce > Vegetables,"cauliflower, cruciferous, green, unique variety, vegetables",,https://cdn.madrasthemes.com/groceria/images/products/green-cauliflower.webp,,,,,,,,,0,,Size,"1 pc, 2 pcs, florets 300g",0,0,Nutriscore,A,0,0,
159,simple,cherry-tomato,,Cherry tomato,1,0,visible,"Bite-sized bursts of juicy, tangy flavor — salad-ready.","Tiny, vibrant, and bursting with sweetness, cherry tomatoes are a kitchen favorite — snackable raw or roasted to bring out their natural sugars.",,,taxable,,1,,,0,0,,,,,1,,3.25,4.25,Produce > Vegetables,"bite-size, cherry tomatoes, salad-ready, sweet, tomato",,https://cdn.madrasthemes.com/groceria/images/products/cherry-tomato.webp,,,,,,,,,0,,Size,"200g, 400g, 600g",0,0,Nutriscore,A,0,0,
160,simple,stalk-celery,,Stalk Celery,1,0,visible,"Crunchy, hydrating, and perfect for snacks, soups, or juice.","Crisp and hydrating with a clean, peppery snap. Celery stalks are ideal for snacking, juicing, or adding crunch to soups and stews.",,,taxable,,1,,,0,0,,,,,1,,2.95,3.75,Produce > Vegetables,"celery, crunchy, dipping snack, fresh, stalk",,https://cdn.madrasthemes.com/groceria/images/products/stalk-celery.webp,,,,,,,,,0,,Size,"1 stalk, 2 stalks, 4 stalks",0,0,Nutriscore,A,0,0,
161,simple,cape-cod-potato-chips,,Cape Cod Potato Chips,1,0,visible,"Kettle-cooked crunch with bold, classic flavor.","Hand-cooked in small batches for an extra-crunchy bite, Cape Cod Chips bring a satisfying saltiness and rustic texture that chip lovers crave. Perfectly crisp and deeply golden.",,,taxable,,1,,,0,0,,,,,1,,3.75,4.99,Snacks > Chips,"chips, classic, crispy, kettle-cooked, salty snack",,https://cdn.madrasthemes.com/groceria/images/products/cape-cod-potato-chips.webp,,,,,,,,,0,,Size,"40g, 100g, 200g",0,0,Nutriscore,C,0,0,
162,simple,skinny-pop-popcorn,,Skinny Pop Popcorn,1,0,visible,"Light, airy popcorn with simple, clean ingredients.","Light, airy, and deliciously clean — Skinny Pop is made with just popcorn, oil, and salt. A guilt-free snack you’ll keep reaching for. No artificial anything.",,,taxable,,1,,,0,0,,,,,1,,4.25,5.5,Snacks > Popcorn,"crunchy, gluten-free, healthy snack, low calorie, popcorn",,https://cdn.madrasthemes.com/groceria/images/products/skinny-pop-popcorn.webp,,,,,,,,,0,,Size,"28g, 100g, 200g",0,0,Nutriscore,B,0,0,
163,simple,lesser-evil-popcorn,,Lesser Evil Popcorn,1,0,visible,"Delicious, air-popped organic popcorn made with clean, simple ingredients. Gluten-free, non-GMO, and perfectly seasoned for a guilt-free snack.
Packed with wholesome flavor, it’s the smarter way to satisfy your cravings anytime.Available in a variety of fun flavors the whole family will love.","Delicious, air-popped organic popcorn made with clean, simple ingredients. Gluten-free, non-GMO, and perfectly seasoned for a guilt-free snack.Packed with wholesome flavor, it’s the smarter way to satisfy your cravings anytime.Available in a variety of fun flavors the whole family will love.Made with organic coconut oil and Himalayan pink salt for a healthier crunch.A light, crunchy snack you can enjoy at home, work, or on the go.",,,taxable,,1,,,0,0,,,,,1,,,4.5,Snacks > Popcorn,"coconut oil, light snack, non-GMO, organic, popcorn",,https://cdn.madrasthemes.com/groceria/images/products/lesser-evil-popcorn.webp,,,,,,,,,0,,Size,"30g, 100g, 150g",0,0,Nutriscore,B,0,0,
164,simple,hampton-farms,,Hampton Farms,1,0,visible,"Fresh, flavorful peanuts — perfect for snacking or game nights.","Fresh-roasted peanuts straight from the shell — rich, nutty, and perfectly salted. A classic American snack packed with flavor and crunch.",,,taxable,,1,,,0,0,,,,,1,,5.75,7.25,Grocery > Nuts & Seeds,"nuts, peanuts, protein-rich, roasted, snack",,https://cdn.madrasthemes.com/groceria/images/products/hampton-farms.webp,,,,,,,,,0,,Size,"250g, 500g, 1kg",0,0,Nutriscore,B,0,0,
165,simple,pistachios,,Pistachios,1,0,visible,"Nutty, protein-packed snack in a satisfying shell.","Naturally vibrant and full of buttery flavor, pistachios make a nutritious snack or topping. Crack open the shell and enjoy the crunch of pure green goodness.",,,taxable,,1,,,0,0,,,,,1,,7.75,9.95,Grocery > Nuts & Seeds,"healthy snack, nuts, pistachios, roasted, shelled",,https://cdn.madrasthemes.com/groceria/images/products/pistachios.webp,,,,,,,,,0,,Size,"200g, 400g, 800g",0,0,Nutriscore,B,0,0,
166,simple,organic-mangoes,,Organic Mangoes,1,0,visible,"Lusciously sweet, sun-ripened, and certified organic.","Lush, juicy, and sun-ripened — these organic mangoes burst with tropical sweetness. Slice them for smoothies, salads, or pure fruit joy.",,,taxable,,1,,,0,0,,,,,1,,3.75,4.99,Produce > Fruits,"juicy, mangoes, organic fruit, ripe, tropical",,https://cdn.madrasthemes.com/groceria/images/products/organic-mangoes.webp,,,,,,,,,0,,Size,"1 pc, 2 pcs, 4 pcs",0,0,Nutriscore,A,0,0,
167,simple,brioche-crescent,,Brioche crescent,1,0,visible,"Buttery, soft, and flaky rolls — a French bakery classic.","Buttery, golden, and slightly sweet, brioche crescents are soft, pillowy pastries perfect for breakfast spreads or elegant brunches.",,,taxable,,1,,,0,0,,,,,1,,4.99,6.5,Bakery > Pastries,"brioche, buttery, crescent roll, pastry, soft bread",,https://cdn.madrasthemes.com/groceria/images/products/brioche-crescent.webp,,,,,,,,,0,,Size,"2 pcs, 4 pcs, 6 pcs",0,0,Nutriscore,C,0,0,
168,simple,chobani-greek-yogurt,,Chobani Greek yogurt,1,0,visible,Rich and creamy yogurt made with real fruit and live cultures.,"Thick, creamy, and crafted with live cultures, Chobani yogurt delivers rich flavor and protein in every spoonful — real fruit, no nonsense.",,,taxable,,1,,,0,0,,,,,1,,4.75,6.25,Dairy > Yogurt,"chobani, creamy, greek yogurt, high protein, yogurt",,https://cdn.madrasthemes.com/groceria/images/products/chobani-greek-yogurt.webp,,,,,,,,,0,,Size,"150g, 200g, 400g",0,0,Nutriscore,B,0,0,
169,simple,lemon-myrtle,,Lemon Myrtle,1,0,visible,A zesty Australian herb — adds citrusy aroma and flavor to teas or dishes.,"Native to Australia, this citrusy herb brings bright, lemon-lime notes to teas, desserts, and seasoning blends. Fragrant and refreshingly zesty.",,,taxable,,1,,,0,0,,,,,1,,2.75,3.5,Grocery > Herbs & Spices,"citrus flavor, herbs, lemon myrtle, seasoning, tea",,https://cdn.madrasthemes.com/groceria/images/products/lemon-myrtle.webp,,,,,,,,,0,,Size,"10g, 25g, 50g (dried leaf)",0,0,Nutriscore,A,0,0,
170,simple,sabra-guacamole,,Sabra Guacamole,1,0,visible,Smooth and creamy dip made with fresh avocados and zesty spices.,"Smooth and creamy with chunks of ripe avocado, Sabra Guacamole blends just the right amount of zest, spice, and freshness in every scoop.",,,taxable,,1,,,0,0,,,,,1,,4.5,5.95,Deli > Dips & Spreads,"avocado, dip, guacamole, party snack, refrigerated",,https://cdn.madrasthemes.com/groceria/images/products/sabra-guacamole.webp,,,,,,,,,0,,Size,"150g, 250g, 500g",0,0,Nutriscore,B,0,0,
171,simple,polly-o-string-cheese,,Polly-o spring Cheese,1,0,visible,Classic mozzarella string cheese — fun and tasty for all ages.,"Mild, creamy mozzarella made fun — Polly-O string cheese is a peelable snack that’s wholesome, kid-friendly, and endlessly snackable.",,,taxable,,1,,,0,0,,,,,1,,3.75,4.95,Dairy > Cheese,"cheese, dairy, mozzarella, snackable, string cheese",,https://cdn.madrasthemes.com/groceria/images/products/polly-o-string-cheese.webp,,,,,,,,,0,,Size,"1 stick, 4 sticks, 8 sticks",0,0,Nutriscore,B,0,0,
172,simple,sabra-smart-snackers,,Sabra Smart Snackers,1,0,visible,Convenient snack packs pairing dips with crunchy sides.,"A convenient, grab-and-go combo of hummus and crispy pretzels. Perfect for school bags, office desks, or anytime hunger strikes smartly.",,,taxable,,1,,,0,0,,,,,1,,4,5.25,Snacks,"dip & chips, hummus, protein snack, ready-to-go, snack pack",,https://cdn.madrasthemes.com/groceria/images/products/sabra-smart-snackers.webp,,,,,,,,,0,,Size,"1 pack, 3 packs, 6 packs",0,0,Nutriscore,B,0,0,
173,simple,arils-pomegranate,,Arils Pomegranate,1,0,visible,"Juicy, ruby-red seeds bursting with sweet-tart flavor.","Jewel-like and bursting with sweet-tart juice, pomegranate arils make salads sparkle and desserts dazzle. Snack-worthy straight from the spoon.",,,taxable,,1,,,0,0,,,,,1,,5,6.5,Produce > Fruits,"antioxidant, arils, fresh, fruit snack, pomegranate",,https://cdn.madrasthemes.com/groceria/images/products/arils-pomegranate.webp,,,,,,,,,0,,Size,"150g, 250g, 400g",0,0,Nutriscore,A,0,0,
174,simple,thin-slice-whole-grain-bread,,Thin Slice Whole Grain Bread,1,0,visible,"Light, wholesome slices loaded with whole grain goodness.","Soft, hearty, and thinly sliced, this bread is loaded with whole grains for a healthier twist on everyday sandwiches and morning toast.",,,taxable,,1,,,0,0,,,,,1,,4.5,5.75,Bakery > Bread,"bread, fiber-rich, sandwich, thin sliced, whole grain",,https://cdn.madrasthemes.com/groceria/images/products/thin-slice-whole-grain-bread.webp,,,,,,,,,0,,Size,"300g, 500g, 1 loaf",0,0,Nutriscore,A,0,0,
205,simple,bread-alone,,Bread Alone,1,0,visible,"Artisan-baked, organic breads with rustic texture and taste.","Rustic, artisan loaves crafted with organic ingredients and old-world techniques. Every slice brings texture, depth, and real bakery soul.",,,taxable,,1,,,0,0,,,,,1,,4.75,5.5,Bakery > Bread,"bread, fiber-rich, sandwich, thin sliced, whole grain",,https://cdn.madrasthemes.com/groceria/images/products/bread-alone.webp,,,,,,,,,0,,Size,"300g, 500g, 1 loaf",0,0,Nutriscore,A,0,0,
206,simple,box-chocolate-cake,,Box Chocolate Cake,1,0,visible,Rich and moist cake mix for instant chocolatey indulgence.,"Rich, decadent, and easy to whip up, this boxed cake mix bakes into a moist, chocolatey dessert that tastes like it came from a bakery.",,,taxable,,1,,,0,0,,,,,1,,11.25,14.5,Bakery > Cakes & Cupcakes,"bakery treat, boxed, cake, chocolate, dessert",,https://cdn.madrasthemes.com/groceria/images/products/box-chocolate-cake.webp,,,,,,,,,0,,Size,"250g slice, 500g, 1kg",0,0,Nutriscore,E,0,0,
207,simple,italian-white-bread,,Italian White Bread,1,0,visible,Soft and fluffy loaf — great for sandwiches or toasting.,"A soft, pillowy loaf with a light crust and mild flavor — ideal for paninis, garlic bread, or soaking up rich sauces. Pure Italian comfort.",,,taxable,,1,,,0,0,,,,,1,,3.5,4.5,Grocery > Bakery > Bread,"bread, classic, italian style, soft crust, white",,https://cdn.madrasthemes.com/groceria/images/products/italian-white-bread.webp,,,,,,,,,0,,Size,"400g, 600g, 1 loaf",0,0,Nutriscore,C,0,0,
208,simple,sweet-and-salt-biscuit,,Sweet and Salt Biscut,1,0,visible,A crispy snack that perfectly balances sweet and savory.,"A delicate balance of sweet crunch and savory touch, these biscuits are perfect with tea or as a quick nibble anytime.",,,taxable,,1,,,0,0,,,,,1,,2.95,3.75,Snacks > Biscuits,"biscuit, crunchy, snack, sweet & salty, tea time",,https://cdn.madrasthemes.com/groceria/images/products/sweet-and-salt-biscuit.webp,,,,,,,,,0,,Size,"150g, 250g, 400g",0,0,Nutriscore,D,0,0,
209,simple,kleenex-trusted-care-facial-tissues,,Kleenex Trusted Care Facial Tissues,1,0,visible,"Soft, durable tissues for everyday care and comfort.","Soft, strong, and gentle on skin — Kleenex Trusted Care tissues are your everyday essential for sniffles, makeup fixes, and small cleanups.",,,taxable,,1,,,0,0,,,,,1,,5.25,6.95,Tissues → Household Essentials,"essential, facial care, kleenex, soft, tissues",,https://cdn.madrasthemes.com/groceria/images/products/kleenex-trusted-care-facial-tissues.webp,,,,,,,,,0,,Size,"80 sheets, 120 sheets, 200 sheets",0,0,,,,,
210,simple,domino-granulated-white-sugar,,Domino Granulated White Sugar,1,0,visible,"Pure, fine sugar ideal for baking and sweetening.","Pure, fine, and perfectly sweet — this all-purpose sugar is the gold standard for baking, coffee, and sweetening everything in between.",,,taxable,,1,,,0,0,,,,,1,,4.25,5.5,Grocery > Baking Essentials,"baking, pantry essential, sugar, sweetener, white sugar",,https://cdn.madrasthemes.com/groceria/images/products/domino-granulated-white-sugar.webp,,,,,,,,,0,,Size,"500g, 1kg, 2kg",0,0,Nutriscore,E,0,0,
211,simple,gluten-free-loaf-cinnamon-raisin,,"Gluten-Free Loaf, Cinnamon Raisin",1,0,visible,"Warm cinnamon flavor and sweet raisins in a soft, gluten-free loaf.","Soft and fragrant with bursts of sweet raisins and warm cinnamon, this gluten-free loaf delivers cozy comfort without compromise.",,,taxable,,1,,,0,0,,,,,1,,5.75,7.25,Bakery > Gluten-Free,"bread, breakfast, cinnamon, gluten-free, raisin, sweet loaf",,https://cdn.madrasthemes.com/groceria/images/products/gluten-free-loaf-cinnamon-raisin.webp,,,,,,,,,0,,Size,"300g, 500g, 1 loaf",0,0,Nutriscore,C,0,0,
212,simple,just-fresh-direct-100-percent-pure-honey-clover,,"Just Fresh Direct100% Pure Honey, Clover",1,0,visible,"Golden, floral honey — raw, natural, and irresistibly sweet.","Golden, silky, and floral — this raw clover honey is harvested with care and bottled for purity. Perfect for drizzling, sweetening, or spooning straight.",,,taxable,,1,,,0,0,,,,,1,,7.5,9.95,Grocery > Sweeteners,"clover, golden syrup, honey, jarred, natural sweetener, pure",,https://cdn.madrasthemes.com/groceria/images/products/just-fresh-direct-100-percent-pure-honey-clover.webp,,,,,,,,,0,,Size,"250ml, 500ml, 1L",0,0,Nutriscore,D,0,0,
213,variation,,,"Organic No Caffeine Coffee Alternative - 150g, A",1,0,visible,,,,,taxable,parent,1,,,0,0,,,,,0,,,230,,,,,,,organic-no-caffeine-coffee-alternative,,,,,,1,,Size,150g,,1,Nutriscore,A,,1,
214,variation,,,"Organic No Caffeine Coffee Alternative - 300g, A",1,0,visible,,,,,taxable,parent,1,,,0,0,,,,,0,,,330,,,,,,,organic-no-caffeine-coffee-alternative,,,,,,2,,Size,300g,,1,Nutriscore,A,,1,
215,variation,,,"Organic No Caffeine Coffee Alternative - 500g, A",1,0,visible,,,,,taxable,parent,1,,,0,0,,,,,0,,,460,,,,,,,organic-no-caffeine-coffee-alternative,,,,,,3,,Size,500g,,1,Nutriscore,A,,1,